{
  "ABATIÁ": [
    -23.3083,
    -49.8675
  ],
  "ADRIANÓPOLIS": [
    -25.2313,
    -48.9953
  ],
  "AGUDOS DO SUL": [
    -25.6944,
    -49.1561
  ],
  "ALMIRANTE TAMANDARÉ": [
    -25.3869,
    -49.4681
  ],
  "ALTAMIRA DO PARANÁ": [
    -23.1556,
    -51.6356
  ],
  "ALTO PARANÁ": [
    -24.46,
    -49.22
  ],
  "ALTO PARAÍSO": [
    -23.7433,
    -51.449
  ],
  "ALTO PIQUIRI": [
    -24.1778,
    -52.6536
  ],
  "ALTÔNIA": [
    -24.5536,
    -52.3333
  ],
  "ALVORADA DO SUL": [
    -23.8625,
    -50.6397
  ],
  "AMAPORÃ": [
    -23.84,
    -49.24
  ],
  "AMPÉRE": [
    -23.76,
    -49.19
  ],
  "ANAHY": [
    -25.45,
    -49.09
  ],
  "ANDIRÁ": [
    -24.53,
    -49.18
  ],
  "ANTONINA": [
    -23.68,
    -49.19
  ],
  "ANTONIO OLINTO": [
    -25.18,
    -49.3
  ],
  "APUCARANA": [
    -24.06,
    -49.15
  ],
  "ARAPONGAS": [
    -25.740000000000002,
    -49.16
  ],
  "ARAPOTI": [
    -24.15,
    -49.21
  ],
  "ARAPUÃ": [
    -24.54,
    -49.1
  ],
  "ARARUNA": [
    -25.85,
    -49.04
  ],
  "ARAUCÁRIA": [
    -24.27,
    -49.15
  ],
  "ARIRANHA DO IVAÍ": [
    -23.92,
    -49.19
  ],
  "ASSAÍ": [
    -25.33,
    -49.05
  ],
  "ASSIS CHATEAUBRIAND": [
    -25.11,
    -49.03
  ],
  "ASTORGA": [
    -25.97,
    -49.26
  ],
  "ATALAIA": [
    -24.91,
    -49.04
  ],
  "BALSA NOVA": [
    -23.68,
    -49.06
  ],
  "BANDEIRANTES": [
    -23.87,
    -49.26
  ],
  "BARBOSA FERRAZ": [
    -24.87,
    -49.14
  ],
  "BARRA DO JACARÉ": [
    -25.35,
    -49.13
  ],
  "BARRACÃO": [
    -25.16,
    -49.19
  ],
  "BELA VISTA DA CAROBA": [
    -25.38,
    -49.01
  ],
  "BELA VISTA DO PARAÍSO": [
    -25.29,
    -49.32
  ],
  "BITURUNA": [
    -24.44,
    -49.09
  ],
  "BOA ESPERANÇA": [
    -23.43,
    -49.33
  ],
  "BOA ESPERANÇA DO IGUAÇU": [
    -24.1,
    -49.23
  ],
  "BOA VENTURA DE SÃO ROQUE": [
    -23.51,
    -49.01
  ],
  "BOA VISTA DA APARECIDA": [
    -23.88,
    -49.07
  ],
  "BOCAIÚVA DO SUL": [
    -25.28,
    -49.25
  ],
  "BOM JESUS DO SUL": [
    -23.83,
    -49.11
  ],
  "BOM SUCESSO": [
    -24.87,
    -49.1
  ],
  "BOM SUCESSO DO SUL": [
    -25.41,
    -49.19
  ],
  "BORRAZÓPOLIS": [
    -25.259999999999998,
    -49.18
  ],
  "BRAGANEY": [
    -23.3,
    -49.32
  ],
  "BRASILÂNDIA DO SUL": [
    -25.98,
    -49.01
  ],
  "CAFEARA": [
    -23.72,
    -49.15
  ],
  "CAFELÂNDIA": [
    -25.69,
    -49.18
  ],
  "CAFEZAL DO SUL": [
    -23.96,
    -49.12
  ],
  "CALIFÓRNIA": [
    -23.03,
    -49.21
  ],
  "CAMBARÁ": [
    -23.5,
    -49.27
  ],
  "CAMBIRA": [
    -24.63,
    -49.32
  ],
  "CAMBÉ": [
    -24.18,
    -49.06
  ],
  "CAMPINA DA LAGOA": [
    -25.14,
    -49.1
  ],
  "CAMPINA DO SIMÃO": [
    -23.14,
    -49.11
  ],
  "CAMPINA GRANDE DO SUL": [
    -24.3,
    -49.29
  ],
  "CAMPO BONITO": [
    -25.47,
    -49.19
  ],
  "CAMPO DO TENENTE": [
    -23.69,
    -49.18
  ],
  "CAMPO LARGO": [
    -23.28,
    -49.18
  ],
  "CAMPO MAGRO": [
    -23.74,
    -49.32
  ],
  "CAMPO MOURÃO": [
    -23.99,
    -49.1
  ],
  "CANDÓI": [
    -23.0,
    -49.16
  ],
  "CANTAGALO": [
    -23.33,
    -49.33
  ],
  "CAPANEMA": [
    -25.8,
    -49.19
  ],
  "CAPITÃO LEÔNIDAS MARQUES": [
    -25.59,
    -49.05
  ],
  "CARAMBEÍ": [
    -23.42,
    -49.23
  ],
  "CARLÓPOLIS": [
    -23.2,
    -49.32
  ],
  "CASCAVEL": [
    -25.17,
    -49.22
  ],
  "CASTRO": [
    -24.56,
    -49.19
  ],
  "CATANDUVAS": [
    -24.96,
    -49.05
  ],
  "CENTENÁRIO DO SUL": [
    -23.69,
    -49.07
  ],
  "CERRO AZUL": [
    -24.53,
    -49.07
  ],
  "CHOPINZINHO": [
    -24.3,
    -49.22
  ],
  "CIANORTE": [
    -24.12,
    -49.22
  ],
  "CIDADE GAÚCHA": [
    -23.35,
    -49.2
  ],
  "CLEVELÂNDIA": [
    -23.66,
    -49.27
  ],
  "COLOMBO": [
    -25.46,
    -49.07
  ],
  "COLORADO": [
    -24.69,
    -49.03
  ],
  "CONGONHINHAS": [
    -24.59,
    -49.08
  ],
  "CONSELHEIRO MAIRINCK": [
    -25.11,
    -49.27
  ],
  "CONTENDA": [
    -23.38,
    -49.02
  ],
  "CORBÉLIA": [
    -25.03,
    -49.15
  ],
  "CORNÉLIO PROCÓPIO": [
    -24.2,
    -49.06
  ],
  "CORONEL DOMINGOS SOARES": [
    -25.53,
    -49.19
  ],
  "CORONEL VIVIDA": [
    -23.89,
    -49.15
  ],
  "CORUMBATAÍ DO SUL": [
    -23.92,
    -49.18
  ],
  "CRUZ MACHADO": [
    -25.65,
    -49.05
  ],
  "CRUZEIRO DO IGUAÇU": [
    -23.75,
    -49.04
  ],
  "CRUZEIRO DO OESTE": [
    -25.56,
    -49.21
  ],
  "CRUZEIRO DO SUL": [
    -25.55,
    -49.23
  ],
  "CRUZMALTINA": [
    -24.15,
    -49.29
  ],
  "CURITIBA": [
    -23.65,
    -49.11
  ],
  "CURIÚVA": [
    -24.82,
    -49.06
  ],
  "CÂNDIDO DE ABREU": [
    -25.4,
    -49.07
  ],
  "CÉU AZUL": [
    -25.490000000000002,
    -49.08
  ],
  "DIAMANTE D OESTE": [
    -24.44,
    -49.03
  ],
  "DIAMANTE DO NORTE": [
    -24.53,
    -49.1
  ],
  "DIAMANTE DO SUL": [
    -24.81,
    -49.01
  ],
  "DOIS VIZINHOS": [
    -24.77,
    -49.24
  ],
  "DOURADINA": [
    -25.27,
    -49.26
  ],
  "DOUTOR CAMARGO": [
    -25.85,
    -49.14
  ],
  "DOUTOR ULYSSES": [
    -23.14,
    -49.07
  ],
  "ENGENHEIRO BELTRÃO": [
    -24.48,
    -49.31
  ],
  "ENTRE RIOS DO OESTE": [
    -25.17,
    -49.32
  ],
  "ENÉAS MARQUES": [
    -25.08,
    -49.12
  ],
  "ESPERANÇA NOVA": [
    -23.75,
    -49.14
  ],
  "ESPIGÃO ALTO DO IGUAÇU": [
    -25.91,
    -49.05
  ],
  "FAROL": [
    -23.35,
    -49.05
  ],
  "FAXINAL": [
    -23.78,
    -49.19
  ],
  "FAZENDA RIO GRANDE": [
    -24.55,
    -49.23
  ],
  "FERNANDES PINHEIRO": [
    -25.72,
    -49.24
  ],
  "FIGUEIRA": [
    -24.38,
    -49.07
  ],
  "FLOR DA SERRA DO SUL": [
    -23.55,
    -49.19
  ],
  "FLORAÍ": [
    -23.63,
    -49.12
  ],
  "FLORESTA": [
    -25.41,
    -49.26
  ],
  "FLORESTÓPOLIS": [
    -24.69,
    -49.27
  ],
  "FLÓRIDA": [
    -23.93,
    -49.08
  ],
  "FORMOSA DO OESTE": [
    -25.68,
    -49.09
  ],
  "FOZ DO IGUAÇU": [
    -25.8,
    -49.12
  ],
  "FOZ DO JORDÃO": [
    -23.81,
    -49.0
  ],
  "FRANCISCO ALVES": [
    -25.14,
    -49.3
  ],
  "FRANCISCO BELTRÃO": [
    -25.8,
    -49.22
  ],
  "FÊNIX": [
    -24.2,
    -49.04
  ],
  "GENERAL CARNEIRO": [
    -25.94,
    -49.12
  ],
  "GODOY MOREIRA": [
    -24.22,
    -49.04
  ],
  "GOIOERÊ": [
    -23.66,
    -49.12
  ],
  "GOIOXIM": [
    -23.15,
    -49.33
  ],
  "GRANDES RIOS": [
    -24.91,
    -49.13
  ],
  "GUAIRAÇÁ": [
    -23.38,
    -49.09
  ],
  "GUAMIRANGA": [
    -23.62,
    -49.26
  ],
  "GUAPIRAMA": [
    -23.2,
    -49.27
  ],
  "GUAPOREMA": [
    -24.55,
    -49.24
  ],
  "GUARACI": [
    -24.32,
    -49.08
  ],
  "GUARANIAÇU": [
    -24.18,
    -49.07
  ],
  "GUARAPUAVA": [
    -24.74,
    -49.17
  ],
  "GUARAQUEÇABA": [
    -24.99,
    -49.0
  ],
  "GUARATUBA": [
    -23.82,
    -49.14
  ],
  "GUAÍRA": [
    -25.35,
    -49.13
  ],
  "HONÓRIO SERPA": [
    -24.5,
    -49.06
  ],
  "IBAITI": [
    -25.63,
    -49.12
  ],
  "IBEMA": [
    -23.41,
    -49.31
  ],
  "IBIPORÃ": [
    -25.69,
    -49.16
  ],
  "ICARAÍMA": [
    -24.17,
    -49.13
  ],
  "IGUARAÇU": [
    -23.36,
    -49.25
  ],
  "IGUATU": [
    -23.43,
    -49.33
  ],
  "IMBAÚ": [
    -23.4,
    -49.05
  ],
  "IMBITUVA": [
    -23.76,
    -49.14
  ],
  "INAJÁ": [
    -23.47,
    -49.02
  ],
  "INDIANÓPOLIS": [
    -23.43,
    -49.16
  ],
  "INÁCIO MARTINS": [
    -25.34,
    -49.03
  ],
  "IPIRANGA": [
    -23.41,
    -49.3
  ],
  "IPORÃ": [
    -24.21,
    -49.1
  ],
  "IRACEMA DO OESTE": [
    -23.67,
    -49.08
  ],
  "IRATI": [
    -23.77,
    -49.12
  ],
  "IRETAMA": [
    -23.42,
    -49.29
  ],
  "ITAGUAJÉ": [
    -25.4,
    -49.14
  ],
  "ITAIPULÂNDIA": [
    -25.87,
    -49.15
  ],
  "ITAMBARACÁ": [
    -25.03,
    -49.17
  ],
  "ITAMBÉ": [
    -23.97,
    -49.17
  ],
  "ITAPEJARA D OESTE": [
    -24.18,
    -49.05
  ],
  "ITAPERUÇU": [
    -24.77,
    -49.19
  ],
  "ITAÚNA DO SUL": [
    -25.72,
    -49.18
  ],
  "IVAIPORÃ": [
    -23.5,
    -49.26
  ],
  "IVATUBA": [
    -24.62,
    -49.31
  ],
  "IVATÉ": [
    -24.93,
    -49.0
  ],
  "IVAÍ": [
    -25.84,
    -49.02
  ],
  "JABOTI": [
    -25.82,
    -49.28
  ],